,final_PnL,final_fee_value,final_fee_yield,final_impermanent_loss,final_portfolio_value_end,final_portfolio_value_start
0,-0.09975693240217895,0.004279943132576835,0.043055822675944606,0.1428127550781332,9.926255178167168,9.940451410693981
