,final_PnL,final_fee_value,final_fee_yield,final_impermanent_loss,final_portfolio_value_end,final_portfolio_value_start
0,-0.7098577009130971,0.008691585443519759,0.08746126443608122,0.7973189653491858,9.858405135098886,9.937639822108652
