,final_PnL,final_fee_value,final_fee_yield,final_impermanent_loss,final_portfolio_value_end,final_portfolio_value_start
0,-2.015244683797388,0.01814044120901615,0.18265325770980523,2.197897941507195,9.713340483250764,9.9316275200726
