{"WETH_USDC_3000": {"0x330997E70b83f1a562490FCaA5996314fA5a971a": [{"tick_lower": 69060, "tick_upper": 80040, "liquidity": 3.807557450760684e+22, "amount_usd": 1000000}]}, "ETH_DAI_3000": {"0x330997E70b83f1a562490FCaA5996314fA5a971a": [{"tick_lower": 62160, "tick_upper": 73140, "liquidity": 5.405401756375659e+22, "amount_usd": 1000000}]}, "BTC_USDT_3000": {"0x330997E70b83f1a562490FCaA5996314fA5a971a": [{"tick_lower": 94320, "tick_upper": 105300, "liquidity": 1.077127823372501e+22, "amount_usd": 1000000}]}}