{"wETH_DAI_3000": {"0x330997E70b83f1a562490FCaA5996314fA5a971a": [{"tick_lower": 69060, "tick_upper": 80040, "liquidity": 3.807557450760684e+22, "amount_usd": 1000000}]}, "WETH_USDC_3000": {"0x330997E70b83f1a562490FCaA5996314fA5a971a": [{"tick_lower": 69060, "tick_upper": 80040, "liquidity": 3.807557450760684e+22, "amount_usd": 1000000}, {"tick_lower": 73080, "tick_upper": 78360, "liquidity": 0.0, "amount_usd": -81973354280434019000}, {"tick_lower": 72780, "tick_upper": 78180, "liquidity": 0.0, "amount_usd": -73491028004031593000}], "0x677fae3FF6765EeEDA6c3f23B8E7e42d5f1039ea": [{"tick_lower": 71100, "tick_upper": 78360, "liquidity": 3.299333540456562e+20, "amount_usd": 6491.79515516774}, {"tick_lower": 69240, "tick_upper": 79260, "liquidity": 3.196739137771689e+20, "amount_usd": 8320.068008523467}]}}