Tick, Second, Min, Hour, Day, Month, Year, LP_token1, LP_token0, Trader_token1, Trader_token0
0, 0.0, 0.0, 0.0, 0.0, 0.0, 0.0, 110000000000000.0, 1000000000000.0, 5500000000000001.0, 5000000000000000.0
1, 86400.0, 1440.0, 24.0, 1.0, 0.03333333333333333, 0.0027397260273972603, 110000000000000.0, 1000000000000.0, 5499999999981915.0, 5000000000000009.0
2, 172800.0, 2880.0, 48.0, 2.0, 0.06666666666666667, 0.005479452054794521, 109999999980472.05, 999999999994.3064, 5500000000019671.0, 4999999999999990.0
3, 259200.0, 4320.0, 72.0, 3.0, 0.1, 0.00821917808219178, 109999999980472.05, 999999999994.3064, 5500000000068827.0, 4999999999999965.0
0, 0.0, 0.0, 0.0, 0.0, 0.0, 0.0, 110000000000000.0, 1000000000000.0, 5500000000000001.0, 5000000000000000.0
1, 86400.0, 1440.0, 24.0, 1.0, 0.03333333333333333, 0.0027397260273972603, 109999999992797.12, 999999999995.8612, 5499999999952890.0, 5000000000000023.0
2, 172800.0, 2880.0, 48.0, 2.0, 0.06666666666666667, 0.005479452054794521, 109999999972333.84, 999999999985.7723, 5499999999905499.0, 5000000000000047.0
3, 259200.0, 4320.0, 72.0, 3.0, 0.1, 0.00821917808219178, 109999999972333.84, 999999999985.7723, 5499999999872802.0, 5000000000000063.0
